{"cameraMode":{"drawMode":0,"name":"Shaded","section":"Shading Mode"},"sceneLighting":true,"audioPlay":false,"sceneViewState":{"showFog":true,"showMaterialUpdate":false,"showSkybox":true,"showFlares":true,"showImageEffects":true,"showParticleSystems":true},"in2DMode":false,"pivot":{"x":436.30865478515627,"y":2.7070000171661379,"z":191.65438842773438},"rotation":{"x":-0.045247696340084079,"y":-0.04552709311246872,"z":0.0020653160754591228,"w":-0.9979444742202759},"size":22.0,"orthographic":false}